Afghanistan	93	AF / AFG	Asia
Albania	355	AL / ALB	Europe
Algeria	213	DZ / DZA	Africa
American Samoa	1-684	AS / ASM	Oceania
Andorra	376	AD / AND	Europe
Angola	244	AO / AGO	Africa
Anguilla	1-264	AI / AIA	North America
Antarctica	672	AQ / ATA	Antarctica
Antigua and Barbuda	1-268	AG / ATG	North America
Argentina	54	AR / ARG	South America
Armenia	374	AM / ARM	Asia
Aruba	297	AW / ABW	North America
Australia	61	AU / AUS	Oceania
Austria	43	AT / AUT	Europe
Azerbaijan	994	AZ / AZE	Asia
Bahamas	1-242	BS / BHS	North America
Bahrain	973	BH / BHR	Asia
Bangladesh	880	BD / BGD	Asia
Barbados	1-246	BB / BRB	North America
Belarus	375	BY / BLR	Europe
Belgium	32	BE / BEL	Europe
Belize	501	BZ / BLZ	North America
Benin	229	BJ / BEN	Africa
Bermuda	1-441	BM / BMU	North America
Bhutan	975	BT / BTN	Asia
Bolivia	591	BO / BOL	South America
Bosnia and Herzegovina	387	BA / BIH	Europe
Botswana	267	BW / BWA	Africa
Brazil	55	BR / BRA	South America
British Indian Ocean Territory	246	IO / IOT	Asia
British Virgin Islands	1-284	VG / VGB	North America
Brunei	673	BN / BRN	Asia
Bulgaria	359	BG / BGR	Europe
Burkina Faso	226	BF / BFA	Africa
Burundi	257	BI / BDI	Africa
Cambodia	855	KH / KHM	Asia
Cameroon	237	CM / CMR	Africa
Canada	1	CA / CAN	North America
Cape Verde	238	CV / CPV	Africa
Cayman Islands	1-345	KY / CYM	North America
Central African Republic	236	CF / CAF	Africa
Chad	235	TD / TCD	Africa
Chile	56	CL / CHL	South America
China	86	CN / CHN	Asia
Christmas Island	61	CX / CXR	Asia
Cocos Islands	61	CC / CCK	Asia
Colombia	57	CO / COL	South America
Comoros	269	KM / COM	Africa
Cook Islands	682	CK / COK	Oceania
Costa Rica	506	CR / CRI	North America
Croatia	385	HR / HRV	Europe
Cuba	53	CU / CUB	North America
Curacao	599	CW / CUW	North America
Cyprus	357	CY / CYP	Europe
Czech Republic	420	CZ / CZE	Europe
Democratic Republic of the Congo	243	CD / COD	Africa
Denmark	45	DK / DNK	Europe
Djibouti	253	DJ / DJI	Africa
Dominica	1-767	DM / DMA	North America
Dominican Republic	1-809, 1-829, 1-849	DO / DOM	North America
East Timor	670	TL / TLS	Oceania
Ecuador	593	EC / ECU	South America
Egypt	20	EG / EGY	Africa
El Salvador	503	SV / SLV	North America
Equatorial Guinea	240	GQ / GNQ	Africa
Eritrea	291	ER / ERI	Africa
Estonia	372	EE / EST	Europe
Ethiopia	251	ET / ETH	Africa
Falkland Islands	500	FK / FLK	South America
Faroe Islands	298	FO / FRO	Europe
Fiji	679	FJ / FJI	Oceania
Finland	358	FI / FIN	Europe
France	33	FR / FRA	Europe
French Polynesia	689	PF / PYF	Oceania
Gabon	241	GA / GAB	Africa
Gambia	220	GM / GMB	Africa
Georgia	995	GE / GEO	Asia
Germany	49	DE / DEU	Europe
Ghana	233	GH / GHA	Africa
Gibraltar	350	GI / GIB	Europe
Greece	30	GR / GRC	Europe
Greenland	299	GL / GRL	North America
Grenada	1-473	GD / GRD	North America
Guam	1-671	GU / GUM	Oceania
Guatemala	502	GT / GTM	North America
Guernsey	44-1481	GG / GGY	Europe
Guinea	224	GN / GIN	Africa
Guinea-Bissau	245	GW / GNB	Africa
Guyana	592	GY / GUY	South America
Haiti	509	HT / HTI	North America
Honduras	504	HN / HND	North America
Hong Kong	852	HK / HKG	Asia
Hungary	36	HU / HUN	Europe
Iceland	354	IS / ISL	Europe
India	91	IN / IND	Asia
Indonesia	62	ID / IDN	Asia
Iran	98	IR / IRN	Asia
Iraq	964	IQ / IRQ	Asia
Ireland	353	IE / IRL	Europe
Isle of Man	44-1624	IM / IMN	Europe
Israel	972	IL / ISR	Asia
Italy	39	IT / ITA	Europe
Ivory Coast	225	CI / CIV	Africa
Jamaica	1-876	JM / JAM	North America
Japan	81	JP / JPN	Asia
Jersey	44-1534	JE / JEY	Europe
Jordan	962	JO / JOR	Asia
Kazakhstan	7	KZ / KAZ	Asia
Kenya	254	KE / KEN	Africa
Kiribati	686	KI / KIR	Oceania
Kosovo	383	XK / XKX	Europe
Kuwait	965	KW / KWT	Asia
Kyrgyzstan	996	KG / KGZ	Asia
Laos	856	LA / LAO	Asia
Latvia	371	LV / LVA	Europe
Lebanon	961	LB / LBN	Asia
Lesotho	266	LS / LSO	Africa
Liberia	231	LR / LBR	Africa
Libya	218	LY / LBY	Africa
Liechtenstein	423	LI / LIE	Europe
Lithuania	370	LT / LTU	Europe
Luxembourg	352	LU / LUX	Europe
Macao	853	MO / MAC	Asia
Macedonia	389	MK / MKD	Europe
Madagascar	261	MG / MDG	Africa
Malawi	265	MW / MWI	Africa
Malaysia	60	MY / MYS	Asia
Maldives	960	MV / MDV	Asia
Mali	223	ML / MLI	Africa
Malta	356	MT / MLT	Europe
Marshall Islands	692	MH / MHL	Oceania
Mauritania	222	MR / MRT	Africa
Mauritius	230	MU / MUS	Africa
Mayotte	262	YT / MYT	Africa
Mexico	52	MX / MEX	North America
Micronesia	691	FM / FSM	Oceania
Moldova	373	MD / MDA	Europe
Monaco	377	MC / MCO	Europe
Mongolia	976	MN / MNG	Asia
Montenegro	382	ME / MNE	Europe
Montserrat	1-664	MS / MSR	North America
Morocco	212	MA / MAR	Africa
Mozambique	258	MZ / MOZ	Africa
Myanmar	95	MM / MMR	Asia
Namibia	264	NA / NAM	Africa
Nauru	674	NR / NRU	Oceania
Nepal	977	NP / NPL	Asia
Netherlands	31	NL / NLD	Europe
Netherlands Antilles	599	AN / ANT	North America
New Caledonia	687	NC / NCL	Oceania
New Zealand	64	NZ / NZL	Oceania
Nicaragua	505	NI / NIC	North America
Niger	227	NE / NER	Africa
Nigeria	234	NG / NGA	Africa
Niue	683	NU / NIU	Oceania
North Korea	850	KP / PRK	Asia
Northern Mariana Islands	1-670	MP / MNP	Oceania
Norway	47	NO / NOR	Europe
Oman	968	OM / OMN	Asia
Pakistan	92	PK / PAK	Asia
Palau	680	PW / PLW	Oceania
Palestine	970	PS / PSE	Asia
Panama	507	PA / PAN	North America
Papua New Guinea	675	PG / PNG	Oceania
Paraguay	595	PY / PRY	South America
Peru	51	PE / PER	South America
Philippines	63	PH / PHL	Asia
Pitcairn	64	PN / PCN	Oceania
Poland	48	PL / POL	Europe
Portugal	351	PT / PRT	Europe
Puerto Rico	1-787, 1-939	PR / PRI	North America
Qatar	974	QA / QAT	Asia
Republic of the Congo	242	CG / COG	Africa
Reunion	262	RE / REU	Africa
Romania	40	RO / ROU	Europe
Russia	7	RU / RUS	Europe
Rwanda	250	RW / RWA	Africa
Saint Barthelemy	590	BL / BLM	North America
Saint Helena	290	SH / SHN	Africa
Saint Kitts and Nevis	1-869	KN / KNA	North America
Saint Lucia	1-758	LC / LCA	North America
Saint Martin	590	MF / MAF	North America
Saint Pierre and Miquelon	508	PM / SPM	North America
Saint Vincent and the Grenadines	1-784	VC / VCT	North America
Samoa	685	WS / WSM	Oceania
San Marino	378	SM / SMR	Europe
Sao Tome and Principe	239	ST / STP	Africa
Saudi Arabia	966	SA / SAU	Asia
Senegal	221	SN / SEN	Africa
Serbia	381	RS / SRB	Europe
Seychelles	248	SC / SYC	Africa
Sierra Leone	232	SL / SLE	Africa
Singapore	65	SG / SGP	Asia
Sint Maarten	1-721	SX / SXM	North America
Slovakia	421	SK / SVK	Europe
Slovenia	386	SI / SVN	Europe
Solomon Islands	677	SB / SLB	Oceania
Somalia	252	SO / SOM	Africa
South Africa	27	ZA / ZAF	Africa
South Korea	82	KR / KOR	Asia
South Sudan	211	SS / SSD	Africa
Spain	34	ES / ESP	Europe
Sri Lanka	94	LK / LKA	Asia
Sudan	249	SD / SDN	Africa
Suriname	597	SR / SUR	South America
Svalbard and Jan Mayen	47	SJ / SJM	Europe
Swaziland	268	SZ / SWZ	Africa
Sweden	46	SE / SWE	Europe
Switzerland	41	CH / CHE	Europe
Syria	963	SY / SYR	Asia
Taiwan	886	TW / TWN	Asia
Tajikistan	992	TJ / TJK	Asia
Tanzania	255	TZ / TZA	Africa
Thailand	66	TH / THA	Asia
Togo	228	TG / TGO	Africa
Tokelau	690	TK / TKL	Oceania
Tonga	676	TO / TON	Oceania
Trinidad and Tobago	1-868	TT / TTO	North America
Tunisia	216	TN / TUN	Africa
Turkey	90	TR / TUR	Asia
Turkmenistan	993	TM / TKM	Asia
Turks and Caicos Islands	1-649	TC / TCA	North America
Tuvalu	688	TV / TUV	Oceania
U.S. Virgin Islands	1-340	VI / VIR	North America
Uganda	256	UG / UGA	Africa
Ukraine	380	UA / UKR	Europe
United Arab Emirates	971	AE / ARE	Asia
United Kingdom	44	GB / GBR	Europe
United States	1	US / USA	North America
Uruguay	598	UY / URY	South America
Uzbekistan	998	UZ / UZB	Asia
Vanuatu	678	VU / VUT	Oceania
Vatican	379	VA / VAT	Europe
Venezuela	58	VE / VEN	South America
Vietnam	84	VN / VNM	Asia
Wallis and Futuna	681	WF / WLF	Oceania
Western Sahara	212	EH / ESH	Africa
Yemen	967	YE / YEM	Asia
Zambia	260	ZM / ZMB	Africa
Zimbabwe	263	ZW / ZWE	Africa
